{"Round 0": [0.6440884455926165, 0.6440884455926165, 0.9203832072332053, 0.9203832072332053, 0.9203832072332053, 0.9203832072332053, 0.9203832072332053, 0.9203832072332053, 0.9203832072332053, 0.9203832072332053, 0.9785128542663127, 0.9785128542663127, 0.9785128542663127, 0.9939860735357439, 0.9939860735357439, 1.0, 1.0, 1.0, 1.0, 1.0, 1.0, 1.0, 1.0, 1.0, 1.0, 1.0, 1.0, 1.0, 1.0, 1.0, 1.0, 1.0, 1.0, 1.0, 1.0, 1.0, 1.0, 1.0, 1.0, 1.0, 1.0, 1.0, 1.0, 1.0, 1.0, 1.0, 1.0, 1.0, 1.0, 1.0, 1.0, 1.0, 1.0, 1.0, 1.0, 1.0, 1.0, 1.0, 1.0, 1.0, 1.0, 1.0, 1.0, 1.0, 1.0, 1.0, 1.0, 1.0, 1.0, 1.0, 1.0, 1.0, 1.0, 1.0, 1.0, 1.0, 1.0, 1.0, 1.0, 1.0, 1.0, 1.0, 1.0, 1.0, 1.0, 1.0, 1.0, 1.0, 1.0, 1.0, 1.0, 1.0, 1.0, 1.0, 1.0, 1.0, 1.0, 1.0, 1.0, 1.0], "Round 1": [0.6055193278764375, 0.6055193278764375, 0.6055193278764375, 0.6334384500646562, 0.6334384500646562, 0.6334384500646562, 0.6334384500646562, 0.6334384500646562, 0.6334384500646562, 0.6334384500646562, 0.6334384500646562, 0.6334384500646562, 0.8087204728533826, 0.8087204728533826, 0.8087204728533826, 0.8087204728533826, 0.8087204728533826, 0.8087204728533826, 0.8087204728533826, 0.8087204728533826, 0.8087204728533826, 0.8087204728533826, 0.8087204728533826, 0.8087204728533826, 0.8087204728533826, 0.8087204728533826, 0.8087204728533826, 0.8087204728533826, 0.8087204728533826, 0.8087204728533826, 0.8087204728533826, 0.8087204728533826, 0.8087204728533826, 0.8087204728533826, 0.8087204728533826, 0.8087204728533826, 0.8087204728533826, 0.8087204728533826, 0.8087204728533826, 0.8087204728533826, 0.8087204728533826, 0.8087204728533826, 0.8087204728533826, 0.8087204728533826, 0.8087204728533826, 0.8087204728533826, 0.8087204728533826, 0.8087204728533826, 0.8087204728533826, 0.8087204728533826, 0.8087204728533826, 0.8087204728533826, 0.8087204728533826, 0.8087204728533826, 0.8087204728533826, 0.8087204728533826, 0.8087204728533826, 0.8087204728533826, 0.8087204728533826, 0.8087204728533826, 0.8087204728533826, 0.8087204728533826, 0.8087204728533826, 0.8087204728533826, 0.8087204728533826, 0.8087204728533826, 0.8087204728533826, 0.8087204728533826, 0.8087204728533826, 0.8087204728533826, 0.8087204728533826, 0.8087204728533826, 0.8087204728533826, 0.8087204728533826, 0.8087204728533826, 0.8087204728533826, 0.8087204728533826, 0.8087204728533826, 0.8087204728533826, 0.8087204728533826, 0.8087204728533826, 0.8087204728533826, 0.8087204728533826, 0.8087204728533826, 0.8087204728533826, 0.8087204728533826, 0.8087204728533826, 0.8087204728533826, 0.8087204728533826, 0.8087204728533826, 0.8087204728533826, 0.8087204728533826, 0.8087204728533826, 0.8087204728533826, 0.8087204728533826, 0.8087204728533826, 0.8087204728533826, 0.8087204728533826, 0.8087204728533826, 0.8087204728533826], "Round 2": [0.6631782010690542, 0.8848264690312888, 0.8848264690312888, 0.8848264690312888, 1.0, 1.0, 1.0, 1.0, 1.0, 1.0, 1.0, 1.0, 1.0, 1.0, 1.0, 1.0, 1.0, 1.0, 1.0, 1.0, 1.0, 1.0, 1.0, 1.0, 1.0, 1.0, 1.0, 1.0, 1.0, 1.0, 1.0, 1.0, 1.0, 1.0, 1.0, 1.0, 1.0, 1.0, 1.0, 1.0, 1.0, 1.0, 1.0, 1.0, 1.0, 1.0, 1.0, 1.0, 1.0, 1.0, 1.0, 1.0, 1.0, 1.0, 1.0, 1.0, 1.0, 1.0, 1.0, 1.0, 1.0, 1.0, 1.0, 1.0, 1.0, 1.0, 1.0, 1.0, 1.0, 1.0, 1.0, 1.0, 1.0, 1.0, 1.0, 1.0, 1.0, 1.0, 1.0, 1.0, 1.0, 1.0, 1.0, 1.0, 1.0, 1.0, 1.0, 1.0, 1.0, 1.0, 1.0, 1.0, 1.0, 1.0, 1.0, 1.0, 1.0, 1.0, 1.0, 1.0], "Round 3": [0.9415461575009699, 0.9415461575009699, 0.9415461575009699, 0.9415461575009699, 0.9415461575009699, 0.9415461575009699, 0.9415461575009699, 0.9415461575009699, 0.9415461575009699, 0.9415461575009699, 0.9415461575009699, 0.9415461575009699, 0.9415461575009699, 0.9415461575009699, 0.9415461575009699, 0.9415461575009699, 0.9415461575009699, 0.9415461575009699, 0.9415461575009699, 0.9415461575009699, 0.9415461575009699, 0.9415461575009699, 0.9415461575009699, 0.9415461575009699, 0.9415461575009699, 0.9415461575009699, 0.9415461575009699, 0.9415461575009699, 0.9415461575009699, 0.9415461575009699, 0.9415461575009699, 0.9415461575009699, 0.9415461575009699, 0.9415461575009699, 0.9415461575009699, 0.9415461575009699, 0.9415461575009699, 0.9415461575009699, 0.9415461575009699, 0.9415461575009699, 0.9415461575009699, 0.9415461575009699, 0.9415461575009699, 0.9415461575009699, 0.9415461575009699, 0.9415461575009699, 0.9415461575009699, 0.9415461575009699, 0.9415461575009699, 0.9415461575009699, 0.9415461575009699, 0.9415461575009699, 0.9415461575009699, 0.9415461575009699, 0.9415461575009699, 0.9415461575009699, 0.9415461575009699, 0.9415461575009699, 0.9415461575009699, 0.9415461575009699, 0.9415461575009699, 0.9415461575009699, 0.9415461575009699, 0.9415461575009699, 0.9415461575009699, 0.9415461575009699, 0.9415461575009699, 0.9415461575009699, 0.9415461575009699, 0.9415461575009699, 0.9415461575009699, 0.9415461575009699, 0.9415461575009699, 0.9415461575009699, 0.9415461575009699, 0.9415461575009699, 0.9415461575009699, 0.9415461575009699, 0.9415461575009699, 0.9415461575009699, 0.9415461575009699, 0.9415461575009699, 0.9415461575009699, 0.9415461575009699, 0.9415461575009699, 0.9415461575009699, 0.9415461575009699, 0.9415461575009699, 0.9415461575009699, 0.9415461575009699, 0.9415461575009699, 0.9415461575009699, 0.9415461575009699, 0.9415461575009699, 0.9415461575009699, 0.9415461575009699, 0.9415461575009699, 0.9415461575009699, 0.9415461575009699, 0.9415461575009699], "Round 4": [0.7527457888888252, 0.811762110021873, 0.8497074230415439, 0.8497074230415439, 0.8497074230415439, 0.948458034253487, 0.948458034253487, 0.948458034253487, 0.948458034253487, 0.948458034253487, 0.948458034253487, 0.948458034253487, 0.948458034253487, 0.948458034253487, 0.948458034253487, 0.948458034253487, 0.948458034253487, 0.948458034253487, 0.948458034253487, 0.948458034253487, 0.948458034253487, 0.948458034253487, 0.948458034253487, 0.948458034253487, 0.948458034253487, 0.948458034253487, 0.948458034253487, 0.948458034253487, 0.948458034253487, 0.948458034253487, 0.948458034253487, 0.948458034253487, 0.948458034253487, 0.948458034253487, 0.948458034253487, 0.948458034253487, 0.948458034253487, 0.948458034253487, 0.948458034253487, 0.948458034253487, 0.948458034253487, 0.948458034253487, 0.948458034253487, 0.948458034253487, 0.948458034253487, 0.948458034253487, 0.948458034253487, 0.948458034253487, 0.948458034253487, 0.948458034253487, 0.948458034253487, 0.948458034253487, 0.948458034253487, 0.948458034253487, 0.948458034253487, 0.948458034253487, 0.948458034253487, 0.948458034253487, 0.948458034253487, 0.948458034253487, 0.948458034253487, 0.948458034253487, 0.948458034253487, 0.948458034253487, 0.948458034253487, 0.948458034253487, 0.948458034253487, 0.948458034253487, 0.948458034253487, 0.948458034253487, 0.948458034253487, 0.948458034253487, 0.948458034253487, 0.948458034253487, 0.948458034253487, 0.948458034253487, 0.948458034253487, 0.948458034253487, 0.948458034253487, 0.948458034253487, 0.948458034253487, 0.948458034253487, 0.948458034253487, 0.948458034253487, 0.948458034253487, 0.948458034253487, 0.948458034253487, 0.948458034253487, 0.948458034253487, 0.948458034253487, 0.948458034253487, 0.948458034253487, 0.948458034253487, 0.948458034253487, 0.948458034253487, 0.948458034253487, 0.948458034253487, 0.948458034253487, 0.948458034253487, 0.948458034253487], "Round 5": [0.4918598337497667, 1.0, 1.0, 1.0, 1.0, 1.0, 1.0, 1.0, 1.0, 1.0, 1.0, 1.0, 1.0, 1.0, 1.0, 1.0, 1.0, 1.0, 1.0, 1.0, 1.0, 1.0, 1.0, 1.0, 1.0, 1.0, 1.0, 1.0, 1.0, 1.0, 1.0, 1.0, 1.0, 1.0, 1.0, 1.0, 1.0, 1.0, 1.0, 1.0, 1.0, 1.0, 1.0, 1.0, 1.0, 1.0, 1.0, 1.0, 1.0, 1.0, 1.0, 1.0, 1.0, 1.0, 1.0, 1.0, 1.0, 1.0, 1.0, 1.0, 1.0, 1.0, 1.0, 1.0, 1.0, 1.0, 1.0, 1.0, 1.0, 1.0, 1.0, 1.0, 1.0, 1.0, 1.0, 1.0, 1.0, 1.0, 1.0, 1.0, 1.0, 1.0, 1.0, 1.0, 1.0, 1.0, 1.0, 1.0, 1.0, 1.0, 1.0, 1.0, 1.0, 1.0, 1.0, 1.0, 1.0, 1.0, 1.0, 1.0],