{"Round 0": [0.6590843507670799, 0.6590843507670799, 0.6590843507670799, 0.6590843507670799, 0.6657385357688461, 0.6657385357688461, 0.6657385357688461, 0.9321567274295071, 1.0, 1.0, 1.0, 1.0, 1.0, 1.0, 1.0, 1.0, 1.0, 1.0, 1.0, 1.0, 1.0, 1.0, 1.0, 1.0, 1.0, 1.0, 1.0, 1.0, 1.0, 1.0, 1.0, 1.0, 1.0, 1.0, 1.0, 1.0, 1.0, 1.0, 1.0, 1.0, 1.0, 1.0, 1.0, 1.0, 1.0, 1.0, 1.0, 1.0, 1.0, 1.0, 1.0, 1.0, 1.0, 1.0, 1.0, 1.0, 1.0, 1.0, 1.0, 1.0, 1.0, 1.0, 1.0, 1.0, 1.0, 1.0, 1.0, 1.0, 1.0, 1.0, 1.0, 1.0, 1.0, 1.0, 1.0, 1.0, 1.0, 1.0, 1.0, 1.0, 1.0, 1.0, 1.0, 1.0, 1.0, 1.0, 1.0, 1.0, 1.0, 1.0, 1.0, 1.0, 1.0, 1.0, 1.0, 1.0, 1.0, 1.0, 1.0, 1.0], "Round 1": [0.7682412842503646, 0.9058109109576356, 0.9058109109576356, 0.9058109109576356, 0.9058109109576356, 0.9058109109576356, 0.9268147185280734, 0.9875108850612435, 0.9875108850612435, 0.9875108850612435, 0.9875108850612435, 0.9875108850612435, 0.9875108850612435, 0.9875108850612435, 0.9875108850612435, 0.9875108850612435, 0.9875108850612435, 0.9875108850612435, 0.9875108850612435, 0.9875108850612435, 0.9875108850612435, 0.9875108850612435, 0.9875108850612435, 0.9875108850612435, 0.9875108850612435, 0.9875108850612435, 0.9875108850612435, 0.9875108850612435, 0.9875108850612435, 0.9875108850612435, 0.9875108850612435, 0.9875108850612435, 0.9875108850612435, 0.9875108850612435, 0.9875108850612435, 0.9875108850612435, 0.9875108850612435, 0.9875108850612435, 0.9875108850612435, 0.9875108850612435, 0.9875108850612435, 0.9875108850612435, 0.9875108850612435, 0.9875108850612435, 0.9875108850612435, 0.9875108850612435, 0.9875108850612435, 0.9875108850612435, 0.9875108850612435, 0.9875108850612435, 0.9875108850612435, 0.9875108850612435, 0.9875108850612435, 0.9875108850612435, 0.9875108850612435, 0.9875108850612435, 0.9875108850612435, 0.9875108850612435, 0.9875108850612435, 0.9875108850612435, 0.9875108850612435, 0.9875108850612435, 0.9875108850612435, 0.9875108850612435, 0.9875108850612435, 0.9875108850612435, 0.9875108850612435, 0.9875108850612435, 0.9875108850612435, 0.9875108850612435, 0.9875108850612435, 0.9875108850612435, 0.9875108850612435, 0.9875108850612435, 0.9875108850612435, 0.9875108850612435, 0.9875108850612435, 0.9875108850612435, 0.9875108850612435, 0.9875108850612435, 0.9875108850612435, 0.9875108850612435, 0.9875108850612435, 0.9875108850612435, 0.9875108850612435, 0.9875108850612435, 0.9875108850612435, 0.9875108850612435, 0.9875108850612435, 0.9875108850612435, 0.9875108850612435, 0.9875108850612435, 0.9875108850612435, 0.9875108850612435, 0.9875108850612435, 0.9875108850612435, 0.9875108850612435, 0.9875108850612435, 0.9875108850612435, 0.9875108850612435], "Round 2": [0.7020261729513582, 0.7020261729513582, 0.7020261729513582, 0.7020261729513582, 0.7020261729513582, 0.7020261729513582, 0.7020261729513582, 0.7020261729513582, 0.7020261729513582, 0.7020261729513582, 0.7020261729513582, 0.7020261729513582, 0.7020261729513582, 0.7020261729513582, 0.7020261729513582, 0.7020261729513582, 0.7020261729513582, 0.7020261729513582, 0.7020261729513582, 0.7020261729513582, 0.7020261729513582, 0.7020261729513582, 0.7020261729513582, 0.7020261729513582, 0.7020261729513582, 0.7020261729513582, 0.7020261729513582, 0.7020261729513582, 0.7020261729513582, 0.7020261729513582, 0.7020261729513582, 0.7020261729513582, 0.7020261729513582, 0.7020261729513582, 0.7020261729513582, 0.7020261729513582, 0.7020261729513582, 0.7020261729513582, 0.7020261729513582, 0.7020261729513582, 0.7020261729513582, 0.7020261729513582, 0.7020261729513582, 0.7020261729513582, 0.7020261729513582, 0.7020261729513582, 0.7020261729513582, 0.7020261729513582, 0.7020261729513582, 0.7020261729513582, 0.7020261729513582, 0.7020261729513582, 0.7020261729513582, 0.7020261729513582, 0.7020261729513582, 0.7020261729513582, 0.7020261729513582, 0.7020261729513582, 0.7020261729513582, 0.7020261729513582, 0.7020261729513582, 0.7020261729513582, 0.7020261729513582, 0.7020261729513582, 0.7020261729513582, 0.7020261729513582, 0.7020261729513582, 0.7020261729513582, 0.7020261729513582, 0.7020261729513582, 0.7020261729513582, 0.7020261729513582, 0.7020261729513582, 0.7020261729513582, 0.7020261729513582, 0.7020261729513582, 0.7020261729513582, 0.7020261729513582, 0.7020261729513582, 0.7020261729513582, 0.7020261729513582, 0.7020261729513582, 0.7020261729513582, 0.7020261729513582, 0.7020261729513582, 0.7020261729513582, 0.7020261729513582, 0.7020261729513582, 0.7020261729513582, 0.7020261729513582, 0.7020261729513582, 0.7020261729513582, 0.7020261729513582, 0.7020261729513582, 0.7020261729513582, 0.7020261729513582, 0.7020261729513582, 0.7020261729513582, 0.7020261729513582, 0.7020261729513582], "Round 3": [0.9230969681238221, 0.9230969681238221, 0.954727240049085, 0.954727240049085, 0.954727240049085, 0.954727240049085, 0.954727240049085, 0.954727240049085, 0.954727240049085, 0.954727240049085, 0.954727240049085, 0.954727240049085, 0.954727240049085, 0.954727240049085, 0.954727240049085, 0.954727240049085, 0.954727240049085, 0.954727240049085, 0.954727240049085, 0.954727240049085, 0.954727240049085, 0.954727240049085, 0.954727240049085, 0.954727240049085, 0.954727240049085, 0.954727240049085, 0.954727240049085, 0.954727240049085, 0.954727240049085, 0.954727240049085, 0.954727240049085, 0.954727240049085, 0.954727240049085, 0.954727240049085, 0.954727240049085, 0.954727240049085, 0.954727240049085, 0.954727240049085, 0.954727240049085, 0.954727240049085, 0.954727240049085, 0.954727240049085, 0.954727240049085, 0.954727240049085, 0.954727240049085, 0.954727240049085, 0.954727240049085, 0.954727240049085, 0.954727240049085, 0.954727240049085, 0.954727240049085, 0.954727240049085, 0.954727240049085, 0.954727240049085, 0.954727240049085, 0.954727240049085, 0.954727240049085, 0.954727240049085, 0.954727240049085, 0.954727240049085, 0.954727240049085, 0.954727240049085, 0.954727240049085, 0.954727240049085, 0.954727240049085, 0.954727240049085, 0.954727240049085, 0.954727240049085, 0.954727240049085, 0.954727240049085, 0.954727240049085, 0.954727240049085, 0.954727240049085, 0.954727240049085, 0.954727240049085, 0.954727240049085, 0.954727240049085, 0.954727240049085, 0.954727240049085, 0.954727240049085, 0.954727240049085, 0.954727240049085, 0.954727240049085, 0.954727240049085, 0.954727240049085, 0.954727240049085, 0.954727240049085, 0.954727240049085, 0.954727240049085, 0.954727240049085, 0.954727240049085, 0.954727240049085, 0.954727240049085, 0.954727240049085, 0.954727240049085, 0.954727240049085, 0.954727240049085, 0.954727240049085, 0.954727240049085, 0.954727240049085],