{"mean": [0.7705467128596837, 0.8311958254397454, 0.8462685652794264, 0.8462685652794264, 0.8471003384046472, 0.8471003384046472, 0.849725814350952, 0.8906151091251808, 0.8990955181964925, 0.8990955181964925, 0.8990955181964925, 0.8990955181964925, 0.8990955181964925, 0.8990955181964925, 0.8990955181964925, 0.8990955181964925, 0.8990955181964925, 0.8990955181964925, 0.8990955181964925, 0.8990955181964925, 0.8990955181964925, 0.8990955181964925, 0.8990955181964925, 0.8990955181964925, 0.8990955181964925, 0.8990955181964925, 0.8990955181964925, 0.8990955181964925, 0.8990955181964925, 0.8990955181964925, 0.8990955181964925, 0.9252233089283575, 0.9252233089283575, 0.9252233089283575, 0.9252233089283575, 0.9252233089283575, 0.9252233089283575, 0.9252233089283575, 0.9252233089283575, 0.9252233089283575, 0.9252233089283575, 0.9252233089283575, 0.9252233089283575, 0.9252233089283575, 0.9252233089283575, 0.9252233089283575, 0.9252233089283575, 0.9252233089283575, 0.9252233089283575, 0.9252233089283575, 0.9252233089283575, 0.9252233089283575, 0.9252233089283575, 0.9252233089283575, 0.9252233089283575, 0.9252233089283575, 0.9252233089283575, 0.9252233089283575, 0.9252233089283575, 0.9252233089283575, 0.9252233089283575, 0.9252233089283575, 0.9252233089283575, 0.9252233089283575, 0.9252233089283575, 0.9252233089283575, 0.9252233089283575, 0.9252233089283575, 0.9252233089283575, 0.9252233089283575, 0.9252233089283575, 0.9252233089283575, 0.9252233089283575, 0.9252233089283575, 0.9252233089283575, 0.9252233089283575, 0.9252233089283575, 0.9252233089283575, 0.9252233089283575, 0.9252233089283575, 0.9252233089283575, 0.9252233089283575, 0.9252233089283575, 0.9252233089283575, 0.9252233089283575, 0.9252233089283575, 0.9252233089283575, 0.9252233089283575, 0.9252233089283575, 0.9252233089283575, 0.9252233089283575, 0.9252233089283575, 0.9252233089283575, 0.9252233089283575, 0.9252233089283575, 0.9252233089283575, 0.9252233089283575, 0.9252233089283575, 0.9252233089283575, 0.9252233089283575], "upper_conf": [0.8234099278309585, 0.9083573693607928, 0.931207552823179, 0.931207552823179, 0.9311089212972891, 0.9311089212972891, 0.9348155673366069, 0.9646735777776121, 0.9772241949266633, 0.9772241949266633, 0.9772241949266633, 0.9772241949266633, 0.9772241949266633, 0.9772241949266633, 0.9772241949266633, 0.9772241949266633, 0.9772241949266633, 0.9772241949266633, 0.9772241949266633, 0.9772241949266633, 0.9772241949266633, 0.9772241949266633, 0.9772241949266633, 0.9772241949266633, 0.9772241949266633, 0.9772241949266633, 0.9772241949266633, 0.9772241949266633, 0.9772241949266633, 0.9772241949266633, 0.9772241949266633, 1.0004389702947436, 1.0004389702947436, 1.0004389702947436, 1.0004389702947436, 1.0004389702947436, 1.0004389702947436, 1.0004389702947436, 1.0004389702947436, 1.0004389702947436, 1.0004389702947436, 1.0004389702947436, 1.0004389702947436, 1.0004389702947436, 1.0004389702947436, 1.0004389702947436, 1.0004389702947436, 1.0004389702947436, 1.0004389702947436, 1.0004389702947436, 1.0004389702947436, 1.0004389702947436, 1.0004389702947436, 1.0004389702947436, 1.0004389702947436, 1.0004389702947436, 1.0004389702947436, 1.0004389702947436, 1.0004389702947436, 1.0004389702947436, 1.0004389702947436, 1.0004389702947436, 1.0004389702947436, 1.0004389702947436, 1.0004389702947436, 1.0004389702947436, 1.0004389702947436, 1.0004389702947436, 1.0004389702947436, 1.0004389702947436, 1.0004389702947436, 1.0004389702947436, 1.0004389702947436, 1.0004389702947436, 1.0004389702947436, 1.0004389702947436, 1.0004389702947436, 1.0004389702947436, 1.0004389702947436, 1.0004389702947436, 1.0004389702947436, 1.0004389702947436, 1.0004389702947436, 1.0004389702947436, 1.0004389702947436, 1.0004389702947436, 1.0004389702947436, 1.0004389702947436, 1.0004389702947436, 1.0004389702947436, 1.0004389702947436, 1.0004389702947436, 1.0004389702947436, 1.0004389702947436, 1.0004389702947436, 1.0004389702947436, 1.0004389702947436, 1.0004389702947436, 1.0004389702947436, 1.0004389702947436], "lower_conf": [0.7176834978884089, 0.7540342815186979, 0.7613295777356738, 0.7613295777356738, 0.7630917555120053, 0.7630917555120053, 0.764636061365297, 0.8165566404727496, 0.8209668414663216, 0.8209668414663216, 0.8209668414663216, 0.8209668414663216, 0.8209668414663216, 0.8209668414663216, 0.8209668414663216, 0.8209668414663216, 0.8209668414663216, 0.8209668414663216, 0.8209668414663216, 0.8209668414663216, 0.8209668414663216, 0.8209668414663216, 0.8209668414663216, 0.8209668414663216, 0.8209668414663216, 0.8209668414663216, 0.8209668414663216, 0.8209668414663216, 0.8209668414663216, 0.8209668414663216, 0.8209668414663216, 0.8500076475619712, 0.8500076475619712, 0.8500076475619712, 0.8500076475619712, 0.8500076475619712, 0.8500076475619712, 0.8500076475619712, 0.8500076475619712, 0.8500076475619712, 0.8500076475619712, 0.8500076475619712, 0.8500076475619712, 0.8500076475619712, 0.8500076475619712, 0.8500076475619712, 0.8500076475619712, 0.8500076475619712, 0.8500076475619712, 0.8500076475619712, 0.8500076475619712, 0.8500076475619712, 0.8500076475619712, 0.8500076475619712, 0.8500076475619712, 0.8500076475619712, 0.8500076475619712, 0.8500076475619712, 0.8500076475619712, 0.8500076475619712, 0.8500076475619712, 0.8500076475619712, 0.8500076475619712, 0.8500076475619712, 0.8500076475619712, 0.8500076475619712, 0.8500076475619712, 0.8500076475619712, 0.8500076475619712, 0.8500076475619712, 0.8500076475619712, 0.8500076475619712, 0.8500076475619712, 0.8500076475619712, 0.8500076475619712, 0.8500076475619712, 0.8500076475619712, 0.8500076475619712, 0.8500076475619712, 0.8500076475619712, 0.8500076475619712, 0.8500076475619712, 0.8500076475619712, 0.8500076475619712, 0.8500076475619712, 0.8500076475619712, 0.8500076475619712, 0.8500076475619712, 0.8500076475619712, 0.8500076475619712, 0.8500076475619712, 0.8500076475619712, 0.8500076475619712, 0.8500076475619712, 0.8500076475619712, 0.8500076475619712, 0.8500076475619712, 0.8500076475619712, 0.8500076475619712, 0.8500076475619712]}