{"mean": [0.7081284166449144, 0.8262493925545312, 0.8746113160599948, 0.8834521134341657, 0.8978488048052546, 0.9116414920532905, 0.9116414920532905, 0.9116414920532905, 0.9116414920532905, 0.921202126320758, 0.9284683321998964, 0.9284683321998964, 0.9503785850484873, 0.9561897183513828, 0.9561897183513828, 0.9569414591594149, 0.9569414591594149, 0.9569414591594149, 0.9569414591594149, 0.9569414591594149, 0.9569414591594149, 0.9569414591594149, 0.9569414591594149, 0.9569414591594149, 0.9569414591594149, 0.9569414591594149, 0.9569414591594149, 0.9569414591594149, 0.9569414591594149, 0.9569414591594149, 0.9569414591594149, 0.9569414591594149, 0.9569414591594149, 0.9569414591594149, 0.9569414591594149, 0.9569414591594149, 0.9569414591594149, 0.9569414591594149, 0.9569414591594149, 0.9569414591594149, 0.9569414591594149, 0.9569414591594149, 0.9569414591594149, 0.9569414591594149, 0.9569414591594149, 0.9569414591594149, 0.9569414591594149, 0.9569414591594149, 0.9569414591594149, 0.9569414591594149, 0.9569414591594149, 0.9569414591594149, 0.9569414591594149, 0.9569414591594149, 0.9569414591594149, 0.9569414591594149, 0.9569414591594149, 0.9569414591594149, 0.9569414591594149, 0.9569414591594149, 0.9569414591594149, 0.9569414591594149, 0.9569414591594149, 0.9569414591594149, 0.9569414591594149, 0.9569414591594149, 0.9569414591594149, 0.9569414591594149, 0.9569414591594149, 0.9569414591594149, 0.9569414591594149, 0.9569414591594149, 0.9569414591594149, 0.9569414591594149, 0.9569414591594149, 0.9569414591594149, 0.9569414591594149, 0.9569414591594149, 0.9569414591594149, 0.9569414591594149, 0.9569414591594149, 0.9569414591594149, 0.9569414591594149, 0.9569414591594149, 0.9569414591594149, 0.9569414591594149, 0.9569414591594149, 0.9569414591594149, 0.9569414591594149, 0.9569414591594149, 0.9569414591594149, 0.9569414591594149, 0.9569414591594149, 0.9569414591594149, 0.9569414591594149, 0.9569414591594149, 0.9569414591594149, 0.9569414591594149, 0.9569414591594149, 0.9569414591594149], "upper_conf": [0.8189214867988862, 0.9242281223812744, 0.9560694828403161, 0.9582807179452669, 0.9776208149189253, 0.9907937771449615, 0.9907937771449615, 0.9907937771449615, 0.9907937771449615, 1.001236423650662, 1.009640371689514, 1.009640371689514, 0.99139922735327, 0.9994582536818873, 0.9994582536818873, 1.0005686711722213, 1.0005686711722213, 1.0005686711722213, 1.0005686711722213, 1.0005686711722213, 1.0005686711722213, 1.0005686711722213, 1.0005686711722213, 1.0005686711722213, 1.0005686711722213, 1.0005686711722213, 1.0005686711722213, 1.0005686711722213, 1.0005686711722213, 1.0005686711722213, 1.0005686711722213, 1.0005686711722213, 1.0005686711722213, 1.0005686711722213, 1.0005686711722213, 1.0005686711722213, 1.0005686711722213, 1.0005686711722213, 1.0005686711722213, 1.0005686711722213, 1.0005686711722213, 1.0005686711722213, 1.0005686711722213, 1.0005686711722213, 1.0005686711722213, 1.0005686711722213, 1.0005686711722213, 1.0005686711722213, 1.0005686711722213, 1.0005686711722213, 1.0005686711722213, 1.0005686711722213, 1.0005686711722213, 1.0005686711722213, 1.0005686711722213, 1.0005686711722213, 1.0005686711722213, 1.0005686711722213, 1.0005686711722213, 1.0005686711722213, 1.0005686711722213, 1.0005686711722213, 1.0005686711722213, 1.0005686711722213, 1.0005686711722213, 1.0005686711722213, 1.0005686711722213, 1.0005686711722213, 1.0005686711722213, 1.0005686711722213, 1.0005686711722213, 1.0005686711722213, 1.0005686711722213, 1.0005686711722213, 1.0005686711722213, 1.0005686711722213, 1.0005686711722213, 1.0005686711722213, 1.0005686711722213, 1.0005686711722213, 1.0005686711722213, 1.0005686711722213, 1.0005686711722213, 1.0005686711722213, 1.0005686711722213, 1.0005686711722213, 1.0005686711722213, 1.0005686711722213, 1.0005686711722213, 1.0005686711722213, 1.0005686711722213, 1.0005686711722213, 1.0005686711722213, 1.0005686711722213, 1.0005686711722213, 1.0005686711722213, 1.0005686711722213, 1.0005686711722213, 1.0005686711722213, 1.0005686711722213], "lower_conf": [0.5973353464909426, 0.728270662727788, 0.7931531492796734, 0.8086235089230646, 0.818076794691584, 0.8324892069616194, 0.8324892069616194, 0.8324892069616194, 0.8324892069616194, 0.8411678289908542, 0.847296292710279, 0.847296292710279, 0.9093579427437045, 0.9129211830208782, 0.9129211830208782, 0.9133142471466084, 0.9133142471466084, 0.9133142471466084, 0.9133142471466084, 0.9133142471466084, 0.9133142471466084, 0.9133142471466084, 0.9133142471466084, 0.9133142471466084, 0.9133142471466084, 0.9133142471466084, 0.9133142471466084, 0.9133142471466084, 0.9133142471466084, 0.9133142471466084, 0.9133142471466084, 0.9133142471466084, 0.9133142471466084, 0.9133142471466084, 0.9133142471466084, 0.9133142471466084, 0.9133142471466084, 0.9133142471466084, 0.9133142471466084, 0.9133142471466084, 0.9133142471466084, 0.9133142471466084, 0.9133142471466084, 0.9133142471466084, 0.9133142471466084, 0.9133142471466084, 0.9133142471466084, 0.9133142471466084, 0.9133142471466084, 0.9133142471466084, 0.9133142471466084, 0.9133142471466084, 0.9133142471466084, 0.9133142471466084, 0.9133142471466084, 0.9133142471466084, 0.9133142471466084, 0.9133142471466084, 0.9133142471466084, 0.9133142471466084, 0.9133142471466084, 0.9133142471466084, 0.9133142471466084, 0.9133142471466084, 0.9133142471466084, 0.9133142471466084, 0.9133142471466084, 0.9133142471466084, 0.9133142471466084, 0.9133142471466084, 0.9133142471466084, 0.9133142471466084, 0.9133142471466084, 0.9133142471466084, 0.9133142471466084, 0.9133142471466084, 0.9133142471466084, 0.9133142471466084, 0.9133142471466084, 0.9133142471466084, 0.9133142471466084, 0.9133142471466084, 0.9133142471466084, 0.9133142471466084, 0.9133142471466084, 0.9133142471466084, 0.9133142471466084, 0.9133142471466084, 0.9133142471466084, 0.9133142471466084, 0.9133142471466084, 0.9133142471466084, 0.9133142471466084, 0.9133142471466084, 0.9133142471466084, 0.9133142471466084, 0.9133142471466084, 0.9133142471466084, 0.9133142471466084, 0.9133142471466084]}